[
    {
       "id":"public_test_1",
       "image_id":"public_test_2_2",
       "question":"Đây là biển báo gì?",
       "question_type":"Multiple choice",
       "choices":{
          "A":"Cấm đỗ xe",
          "B":"Cấm dừng xe và đỗ xe",
          "C":"Cấm dừng xe",
          "D":"Cấm đỗ xe trong khu vực"
       },
       "answer":"B",
       "relevant_articles":[
          {
             "law_id":"QCVN 41:2024/BGTVT",
             "article_id":"22"
          }
       ]
    },
    {
       "id":"public_test_2",
       "image_id":"public_test_2_1",
       "question":"Biển báo màu xanh có gạch đỏ là biển báo gì? ",
       "question_type":"Multiple choice",
       "choices":{
          "A":"Biển hiệu lệnh điều khiển giao thông",
          "B":"Biển báo nguy hiểm và cảnh báo",
          "C":"Biển chỉ dẫn",
          "D":"Biển cấm"
       },
       "answer":"D",
       "relevant_articles":[
          {
             "law_id":"QCVN 41:2024/BGTVT",
             "article_id":"28"
          }
       ]
    },
    {
       "id":"public_test_3",
       "image_id":"public_test_2_6",
       "question":"Loại xe nào được phép lưu thông trên đoạn đường này ?",
       "question_type":"Multiple choice",
       "choices":{
          "A":"Xe máy điện",
          "B":"Xe đạp thồ",
          "C":"Xe gắn máy",
          "D":"Xe đạp"
       },
       "answer":"D",
       "relevant_articles":[
          {
             "law_id":"QCVN 41:2024/BGTVT",
             "article_id":"22"
          }
       ]
    },
    {
       "id":"public_test_4",
       "image_id":"public_test_2_12",
       "question":"Khi di chuyển trên đường cao tốc, phương tiện giao thông được phép di chuyển vơi tốc độ tối thiểu là 60 km/h và tốc độ tối đa là 80 km/h, đúng hay sai ?",
       "question_type":"Multiple choice",
       "choices":{
          "A":"Đúng",
          "B":"Sai"
       },
       "answer":"A",
       "relevant_articles":[
          {
             "law_id":"QCVN 41:2024/BGTVT",
             "article_id":"22"
          }
       ]
    },
    {
       "id":"public_test_5",
       "image_id":"public_test_2_11",
       "question":"Hàng đường ở phía bên tay trái chỉ dành cho xe ô tô đúng không?",
       "question_type":"Multiple choice",
       "choices":{
          "A":"Đúng",
          "B":"Sai"
       },
       "answer":"B",
       "relevant_articles":[
          {
             "law_id":"QCVN 41:2024/BGTVT",
             "article_id":"32"
          }
       ]
    },
    {
       "id":"public_test_6",
       "image_id":"public_test_2_7",
       "question":"Có biển báo chỉ dẫn ở trong hình trên không?",
       "question_type":"Multiple choice",
       "choices":{
          "A":"Đúng",
          "B":"Sai"
       },
       "answer":"B",
       "relevant_articles":[
          {
             "law_id":"QCVN 41:2024/BGTVT",
             "article_id":"11"
          }
       ]
    },
    {
       "id":"public_test_7",
       "image_id":"public_test_2_5",
       "question":"Biển báo trên cấm loại xe nào?",
       "question_type":"Multiple choice",
       "choices":{
          "A":"Xe ô tô tải có khối lượng chuyên chở từ 16 tấn trở lên",
          "B":"Xe máy",
          "C":"Xe ô tô con",
          "D":"Xe buýt"
       },
       "answer":"A",
       "relevant_articles":[
          {
             "law_id":"QCVN 41:2024/BGTVT",
             "article_id":"22"
          }
       ]
    },
    {
       "id":"public_test_8",
       "image_id":"public_test_2_3",
       "question":"Biển hình tròn có viền đỏ và dấu gạch trên là biển gì?",
       "question_type":"Multiple choice",
       "choices":{
          "A":"Cấm rẽ trái và rẽ phải",
          "B":"Cấm rẽ trái",
          "C":"Cấm rẽ phải",
          "D":"Cấm quay đầu xe"
       },
       "answer":"D",
       "relevant_articles":[
          {
             "law_id":"QCVN 41:2024/BGTVT",
             "article_id":"22"
          }
       ]
    },
    {
       "id":"public_test_9",
       "image_id":"public_test_2_8",
       "question":"Biển hình tròn viền đỏ có ý nghĩa là gì? Każ� biển báo này để xác định giới hạn tốc độ tối đa trên đoạn đường hoặc tuyến đường nào, người tham gia giao thông không được phép vượt quá trị số ghi trên biển trừ các xe được ưu tiên theo quy định.",
       "question_type":"Multiple choice",
       "choices":{
          "A":"Biển báo cấm chạy xe太快",
          "B":"Biển báo cấm chạy too slow",
          "C":"Biển báo tốc độ tối đa cho phép",
          "D":"Biển báo hướng đi"
       },
       "answer":"C",
       "relevant_articles":[
          {
             "law_id":"QCVN 41:2024/BGTVT",
             "article_id":"22"
          }
       ]
    },
    {
       "id":"public_test_10",
       "image_id":"public_test_2_10",
       "question":"Ý nghĩa có biển báo trên là gì?",
       "question_type":"Multiple choice",
       "choices":{
          "A":"Cấm rẽ phải",
          "B":"Cấm đi thẳng",
          "C":"Cấm rẽ phải và quay đầu",
          "D":"Biển chỉ hướng đi phải"
       },
       "answer":"D",
       "relevant_articles":[
          {
             "law_id":"QCVN 41:2024/BGTVT",
             "article_id":"32"
          }
       ]
    },
    {
       "id":"public_test_11",
       "image_id":"public_test_2_4",
       "question":"Các loại xe cơ giới không thể vượt nhau (kể cả xe được ưu tiên theo quy định) trên đoạn đường này. Đúng hay sai?",
       "question_type":"Multiple choice",
       "choices":{
          "A":"Đúng",
          "B":"Sai"
       },
       "answer":"A",
       "relevant_articles":[
          {
             "law_id":"QCVN 41:2024/BGTVT",
             "article_id":"22"
          }
       ]
    },
    {
       "id":"public_test_12",
       "image_id":"public_test_2_9",
       "question":"Đối với làn đường ở gần biển hiệu trên hình trên, xe đạp có được lưu thông trên làn đường này không?",
       "question_type":"Multiple choice",
       "choices":{
          "A":"Đúng",
          "B":"Sai"
       },
       "answer":"B",
       "relevant_articles":[
          {
             "law_id":"QCVN 41:2024/BGTVT",
             "article_id":"32"
          }
       ]
    },
    {
       "id":"public_test_13",
       "image_id":"public_test_3_9",
       "question":"Đây là loại biển báo gì ?",
       "question_type":"Multiple choice",
       "choices":{
          "A":"Biển báo cấm rẽ phải",
          "B":"Biển báo cấm rẽ trái",
          "C":"Biển báo cấm quay đầu xe",
          "D":"Biển báo cấm dừng và đỗ xe"
       },
       "answer":"A",
       "relevant_articles":[
          {
             "law_id":"QCVN 41:2024/BGTVT",
             "article_id":"22"
          }
       ]
    },
    {
       "id":"public_test_14",
       "image_id":"public_test_3_8",
       "question":"Có bao nhiêu loại biển báo khác nhau (có thể xác định được nội dung biển báo) trong hình ?",
       "question_type":"Multiple choice",
       "choices":{
          "A":"2",
          "B":"3",
          "C":"4",
          "D":"5"
       },
       "answer":"B",
       "relevant_articles":[
          {
             "law_id":"QCVN 41:2024/BGTVT",
             "article_id":"22"
          },
          {
             "law_id":"QCVN 41:2024/BGTVT",
             "article_id":"36"
          },
          {
             "law_id":"QCVN 41:2024/BGTVT",
             "article_id":"41"
          }
       ]
    },
    {
       "id":"public_test_15",
       "image_id":"public_test_3_6",
       "question":"Tốc độ di chuyển tối đa trên cả 3 làn đường là bao nhiêu ?",
       "question_type":"Multiple choice",
       "choices":{
          "A":"50 km/h",
          "B":"40 km/h",
          "C":"60 km/h",
          "D":"Tốc độ tối đa cho phép không thay đổi"
       },
       "answer":"B",
       "relevant_articles":[
          {
             "law_id":"QCVN 41:2024/BGTVT",
             "article_id":"22"
          }
       ]
    },
    {
       "id":"public_test_16",
       "image_id":"public_test_3_7",
       "question":"Các biển báo trong hình được đặt ở loại đường nào ?",
       "question_type":"Multiple choice",
       "choices":{
          "A":"Đường đô thị",
          "B":"Đường quốc lộ",
          "C":"Đường tỉnh",
          "D":"Đường huyện"
       },
       "answer":"B",
       "relevant_articles":[
          {
             "law_id":"QCVN 41:2024/BGTVT",
             "article_id":"47"
          }
       ]
    },
    {
       "id":"public_test_17",
       "image_id":"public_test_3_2",
       "question":"Biển báo này cấm xe ô tô tải và xe ô tô khách vượt nhau đúng hay sai ?",
       "question_type":"Yes/No",
       "choices":{
          
       },
       "answer":"Đúng",
       "relevant_articles":[
          {
             "law_id":"QCVN 41:2024/BGTVT",
             "article_id":"22"
          }
       ]
    },
    {
       "id":"public_test_18",
       "image_id":"public_test_3_12",
       "question":"Đây là biển báo \"Đường có ổ gà, lồi lõm\", đúng hay sai ?",
       "question_type":"Multiple choice",
       "choices":{
          "A":"Đúng",
          "B":"Sai"
       },
       "answer":"A",
       "relevant_articles":[
          {
             "law_id":"QCVN 41:2024/BGTVT",
             "article_id":"28"
          }
       ]
    },
    {
       "id":"public_test_19",
       "image_id":"public_test_3_13",
       "question":"Biển báo này chỉ có hiệu lực vào ngày lẻ.",
       "question_type":"Multiple choice",
       "choices":{
          "A":"Đúng",
          "B":"Sai"
       },
       "answer":"B",
       "relevant_articles":[
          {
             "law_id":"QCVN 41:2024/BGTVT",
             "article_id":"22"
          }
       ]
    },
    {
       "id":"public_test_20",
       "image_id":"public_test_3_4",
       "question":"Biển báo này có tác dụng chỉ cho người tham gia giao thông biết số lượng làn đường trên mặt đường và hướng đi trên mỗi làn đường theo vạch kẻ đường, đúng hay sai ?",
       "question_type":"Multiple choice",
       "choices":{
          "A":"Đúng",
          "B":"Sai"
       },
       "answer":"A",
       "relevant_articles":[
          {
             "law_id":"QCVN 41:2024/BGTVT",
             "article_id":"32"
          }
       ]
    },
    {
       "id":"public_test_21",
       "image_id":"public_test_3_10",
       "question":"Có bao nhiêu biển báo cấm trong hình ?",
       "question_type":"Multiple choice",
       "choices":{
          "A":"1",
          "B":"2",
          "C":"3",
          "D":"4"
       },
       "answer":"B",
       "relevant_articles":[
          {
             "law_id":"QCVN 41:2024/BGTVT",
             "article_id":"22"
          }
       ]
    },
    {
       "id":"public_test_22",
       "image_id":"public_test_3_5",
       "question":"Biển báo trong hình là loại biển báo gì ?",
       "question_type":"Multiple choice",
       "choices":{
          "A":"Biển báo cấm",
          "B":"Biển báo nguy hiểm và cảnh báo",
          "C":"Biển chỉ dẫn",
          "D":"Biển báo hiệu lệnh"
       },
       "answer":"B",
       "relevant_articles":[
          {
             "law_id":"QCVN 41:2024/BGTVT",
             "article_id":"28"
          }
       ]
    },
    {
       "id":"public_test_23",
       "image_id":"public_test_3_3",
       "question":"Biển báo có hình tròn, nền xanh, viền đỏ thuộc loại biển báo gì ?",
       "question_type":"Multiple choice",
       "choices":{
          "A":"Biển hiệu lệnh",
          "B":"Biển báo cấm",
          "C":"Biển phụ",
          "D":"Biển báo nguy hiểm"
       },
       "answer":"C",
       "relevant_articles":[
          {
             "law_id":"QCVN 41:2024/BGTVT",
             "article_id":"11"
          }
       ]
    },
    {
       "id":"public_test_24",
       "image_id":"public_test_3_3",
       "question":" Nội dung của biển báo có hình tròn, nền xanh, viền đỏ trong hình là gì ?",
       "question_type":"Multiple choice",
       "choices":{
          "A":"Cấm đi ngược chiều",
          "B":"Cấm dừng và đỗ xe",
          "C":"Cấm đỗ xe",
          "D":"Cấm người đi bộ"
       },
       "answer":"C",
       "relevant_articles":[
          {
             "law_id":"QCVN 41:2024/BGTVT",
             "article_id":"22"
          }
       ]
    },
    {
       "id":"public_test_25",
       "image_id":"public_test_3_11",
       "question":" Nội dung của biển báo nguy hiểm ở trong hình trên là gì?",
       "question_type":"Multiple choice",
       "choices":{
          "A":"Nguy hiểm ở nơi đường giao nhau",
          "B":"Nguy hiểm phía trước là hầm chui",
          "C":"Nguy hiểm từ phía ngược chiều",
          "D":"Nguy hiểm ở nơi đường cong hẹp"
       },
       "answer":"B",
       "relevant_articles":[
          {
             "law_id":"QCVN 41:2024/BGTVT",
             "article_id":"C.47"
          }
       ]
    },
    {
       "id":"public_test_26",
       "image_id":"public_test_3_1",
       "question":"Đoạn đường này cấm xe tải có trọng tải lớn hơn 1,25 tấn",
       "question_type":"Multiple choice",
       "choices":{
          "A":"Đúng",
          "B":"Sai"
       },
       "answer":"A",
       "relevant_articles":[
          {
             "law_id":"QCVN 41:2024/BGTVT",
             "article_id":"22"
          }
       ]
    },
    {
       "id":"public_test_27",
       "image_id":"public_test_3_1",
       "question":"Xe đạp được phép di chuyển trên đoạn đường này",
       "question_type":"Multiple choice",
       "choices":{
          "A":"Đúng",
          "B":"Sai"
       },
       "answer":"B",
       "relevant_articles":[
          {
             "law_id":"QCVN 41:2024/BGTVT",
             "article_id":"22"
          }
       ]
    },
    {
       "id":"public_test_28",
       "image_id":"public_test_4_6",
       "question":"Biển báo giao thông có hình tam giác đều, viền đỏ, nền vàng, có hình hai vạch song song thu hẹp ở giữa có ý nghĩa gì?",
       "question_type":"Multiple choice",
       "choices":{
          "A":"Chú ý xe đỗ",
          "B":"Chú ý phía trước có nguy hiểm hay tình huống xấu",
          "C":"Cấm rẽ trái",
          "D":"Cấm dừng xe và đỗ xe"
       },
       "answer":"B",
       "relevant_articles":[
          {
             "law_id":"QCVN 41:2024/BGTVT",
             "article_id":"C.40"
          }
       ]
    },
    {
       "id":"public_test_29",
       "image_id":"public_test_4_1",
       "question":"Theo nội dung trên biển chỉ dẫn, xe tải có trọng tải toàn bộ cho phép trên 1,5 tấn được phép hoạt động tại khu vực nội đô thành phố vào khung giờ nào?",
       "question_type":"Multiple choice",
       "choices":{
          "A":"6:00 - 9:00 và 16:00 - 19:30",
          "B":"6:00 - 19:30",
          "C":"8:00 - 21:00",
          "D":"Cả 3 đáp án đều sai"
       },
       "answer":"D",
       "relevant_articles":[
          {
             "law_id":"QCVN 41:2024/BGTVT",
             "article_id":"22"
          }
       ]
    },
    {
       "id":"public_test_30",
       "image_id":"public_test_4_10",
       "question":"Biển báo giao thông dưới đây có ý nghĩa gì?",
       "question_type":"Multiple choice",
       "choices":{
          "A":"Cấm xe ô tô đi thẳng",
          "B":"Cấm xe ô tô rẽ phải",
          "C":"Cấm xe ô tô quay đầu",
          "D":"Cấm xe ô tô đi thẳng và rẽ trái"
       },
       "answer":"D",
       "relevant_articles":[
          {
             "law_id":"QCVN 41:2024/BGTVT",
             "article_id":"22"
          }
       ]
    },
    {
       "id":"public_test_31",
       "image_id":"public_test_4_2",
       "question":"Khi đang lái xe trên đường, bạn nhìn thấy biển báo sau đây đặt ở phía trước (biển tam giác viền đỏ, nền vàng, có hình hai em nhỏ nắm tay nhau). Bạn nên xử lý như thế nào?",
       "question_type":"Multiple choice",
       "choices":{
          "A":"Giảm tốc độ, chú ý quan sát và dừng lại khi cần thiết để tránh trẻ em.",
          "B":"Tăng tốc để nhanh chóng vượt qua khu vực có trẻ em.",
          "C":"Bấm còi cảnh báo để cảnh báo trẻ em trong khu vực.",
          "D":"Làn đường này không yêu cầu hành động gì từ người tham gia giao thông."
       },
       "answer":"A",
       "relevant_articles":[
          {
             "law_id":"QCVN 41:2024/BGTVT",
             "article_id":"28"
          }
       ]
    },
    {
       "id":"public_test_32",
       "image_id":"public_test_4_9",
       "question":"Xử lý như nào khi gặp biển trên?",
       "question_type":"Multiple choice",
       "choices":{
          "A":"Biển báo tên đường và mạng lưới đường cao tốc",
          "B":"Biển báo hiệu lệnh người điều khiển phương tiện chạy với tốc độ tối đa và tối thiểu",
          "C":"Biển báo hiệu lệnh chạy với tốc độ tối đa cho phép trên đoạn đường",
          "D":"Biển báo chỉ dẫn khoảng cách đến các nút giao下一出口"
       },
       "answer":"A",
       "relevant_articles":[
          {
             "law_id":"QCVN 41:2024/BGTVT",
             "article_id":"37"
          }
       ]
    },
    {
       "id":"public_test_33",
       "image_id":"public_test_4_11",
       "question":"Hiệu lệnh của người điều khiển giao thông phải được ưu tiên trước đúng hay sai?",
       "question_type":"Multiple choice",
       "choices":{
          "A":"Đúng",
          "B":"Sai"
       },
       "answer":"B",
       "relevant_articles":[
          {
             "law_id":"QCVN 41:2024/BGTVT",
             "article_id":"3.24"
          }
       ]
    },
    {
       "id":"public_test_34",
       "image_id":"public_test_4_7",
       "question":"Xe 25 chỗ ngồi được lưu thông trên đường này từ 11 giờ sáng đến 3 giờ chiều đúng hay sai?",
       "question_type":"Multiple choice",
       "choices":{
          "A":"Đúng",
          "B":"Sai"
       },
       "answer":"B",
       "relevant_articles":[
          {
             "law_id":"QCVN 41:2024/BGTVT",
             "article_id":"22"
          }
       ]
    },
    {
       "id":"public_test_35",
       "image_id":"public_test_4_7",
       "question":"Tất cả phương tiện được phép rẽ phải đúng hay sai?",
       "question_type":"Multiple choice",
       "choices":{
          "A":"Đúng",
          "B":"Sai"
       },
       "answer":"B",
       "relevant_articles":[
          {
             "law_id":"QCVN 41:2024/BGTVT",
             "article_id":"22"
          }
       ]
    },
    {
       "id":"public_test_36",
       "image_id":"public_test_4_5",
       "question":"Biển báo trên có hiệu lực đến vị trí nào?",
       "question_type":"Multiple choice",
       "choices":{
          "A":"Vị trí đặt biển",
          "B":"Khoảng 100m trước vị trí đặt biển",
          "C":"Khoảng 50m trước vị trí đặt biển",
          "D":"Vị trí đặt biển và các百m sau vị trí đặt biển"
       },
       "answer":"A",
       "relevant_articles":[
          {
             "law_id":"QCVN 41:2024/BGTVT",
             "article_id":"36"
          }
       ]
    },
    {
       "id":"public_test_37",
       "image_id":"public_test_4_5",
       "question":"Biển báo trên cấm đỗ xe vào các ngày nào?",
       "question_type":"Multiple choice",
       "choices":{
          "A":"Các ngày có số chẵn",
          "B":"Các ngày có số lẻ",
          "C":"Cả các ngày có số chẵn và lẻ",
          "D":"Không có biển cấm đỗ xe"
       },
       "answer":"B",
       "relevant_articles":[
          {
             "law_id":"QCVN 41:2024/BGTVT",
             "article_id":"22"
          }
       ]
    },
    {
       "id":"public_test_38",
       "image_id":"public_test_4_5",
       "question":"Biển báo trong hình có ý nghĩa gì?",
       "question_type":"Multiple choice",
       "choices":{
          "A":"Cấm các xe hai bánh dừng và đỗ xe",
          "B":"Cấm các xe hai bánh chạy với tốc độ tối đa 30 km/h",
          "C":"Cấm các xe hai bánh dừng và đỗ xe với tốc độ tối đa 30 km/h",
          "D":"Cấm xe máy dừng và đỗ xe"
       },
       "answer":"A",
       "relevant_articles":[
          {
             "law_id":"QCVN 41:2024/BGTVT",
             "article_id":"22"
          }
       ]
    },
    {
       "id":"public_test_39",
       "image_id":"public_test_4_3",
       "question":"Biển báo trên có ý nghĩa là gì?",
       "question_type":"Multiple choice",
       "choices":{
          "A":"Cảnh báo đoạn đường hay xảy ra tai nạn",
          "B":"Cảnh báo đoạn đường dốc nguy hiểm",
          "C":"Indication of a service station ahead",
          "D":"Cảnh báo khu vực giao nhau"
       },
       "answer":"C",
       "relevant_articles":[
          {
             "law_id":"QCVN 41:2024/BGTVT",
             "article_id":"36"
          }
       ]
    },
    {
       "id":"public_test_40",
       "image_id":"public_test_4_12",
       "question":"Biển \"Giữ khoảng cách an toàn\" có thể sử dụng chữ màu vàng nền đen đúng hay sai?",
       "question_type":"Multiple choice",
       "choices":{
          "A":"Đúng",
          "B":"Sai"
       },
       "answer":"A",
       "relevant_articles":[
          {
             "law_id":"QCVN 41:2024/BGTVT",
             "article_id":"47"
          }
       ]
    },
    {
       "id":"public_test_41",
       "image_id":"public_test_4_4",
       "question":"Xe máy được đỗ trên con đường này đúng hay sai?",
       "question_type":"Multiple choice",
       "choices":{
          "A":"Đúng",
          "B":"Sai"
       },
       "answer":"B",
       "relevant_articles":[
          {
             "law_id":"QCVN 41:2024/BGTVT",
             "article_id":"22"
          }
       ]
    },
    {
       "id":"public_test_42",
       "image_id":"public_test_4_8",
       "question":"Các loại xe được dừng và đỗ vào lúc 12 giờ trưa đúng hay sai?",
       "question_type":"Multiple choice",
       "choices":{
          "A":"Đúng",
          "B":"Sai"
       },
       "answer":"B",
       "relevant_articles":[
          {
             "law_id":"QCVN 41:2024/BGTVT",
             "article_id":"22"
          }
       ]
    },
    {
       "id":"public_test_43",
       "image_id":"public_test_5_1",
       "question":"Biển \"Cấm xe ô tô khách và xe ô tô tải\" có hiệu lực trong khoảng thời gian nào?",
       "question_type":"Multiple choice",
       "choices":{
          "A":" Từ 6:30 đến 9:30 và từ 18:30 đến 21:30",
          "B":" Từ 6:30 đến 11:30 và từ 16:30 đến 19:30",
          "C":" Từ 6:30 đến 7:30 và từ 10:45 đến 11:45; từ 16:30 đến 17:30",
          "D":" Tất cả các khoảng thời gian"
       },
       "answer":"C",
       "relevant_articles":[
          {
             "law_id":"QCVN 41:2024/BGTVT",
             "article_id":"22"
          }
       ]
    },
    {
       "id":"public_test_44",
       "image_id":"public_test_5_3",
       "question":"Đây là loại biển báo gì?",
       "question_type":"Multiple choice",
       "choices":{
          "A":"Biển chỉ dẫn sơ đồ và khoảng cách đến các điểm danh義",
          "B":"Biển chỉ dẫn lối ra",
          "C":"Biển chỉ dẫn khoảng cách đến các điểm danh义",
          "D":"Biển chỉ dẫn lối vào"
       },
       "answer":"A",
       "relevant_articles":[
          {
             "law_id":"QCVN 41:2024/BGTVT",
             "article_id":"36"
          }
       ]
    },
    {
       "id":"public_test_45",
       "image_id":"public_test_5_11",
       "question":"Biển báo trong hình bên có ý nghĩa là gì?",
       "question_type":"Multiple choice",
       "choices":{
          "A":"Cấm xe ô tô và xe tải vượt nhau",
          "B":"Cấm xe ô tô và xe tải vượt nhau trong giờ cao điểm",
          "C":"Cấm xe ô tô và xe tải vượt nhau vào ngày lẻ",
          "D":" Chỉ dẫn xe ô tô và xe tải phải đi cùng chiều"
       },
       "answer":"A",
       "relevant_articles":[
          {
             "law_id":"QCVN 41:2024/BGTVT",
             "article_id":"22"
          }
       ]
    },
    {
       "id":"public_test_46",
       "image_id":"public_test_5_8",
       "question":"Phương tiện giao thông nào được chạy tốc độ trên 50 km/h theo hình bên? Każda người trong团队必须 do một việc. Không được nháo nhác.",
       "question_type":"Multiple choice",
       "choices":{
          "A":"Xe ô tô con",
          "B":"Xe máy 2 bánh",
          "C":"Xe máy 3 bánh",
          "D":"Xe đạp"
       },
       "answer":"B",
       "relevant_articles":[
          {
             "law_id":"QCVN 41:2024/BGTVT",
             "article_id":"22"
          }
       ]
    },
    {
       "id":"public_test_47",
       "image_id":"public_test_5_9",
       "question":"Các biển báo trong hình bên thuộc loại biển báo nào?",
       "question_type":"Multiple choice",
       "choices":{
          "A":"Biển hiệu lệnh",
          "B":"Biển báo cấm",
          "C":"Biển hiệu lệnh dừng xe",
          "D":"Biển cảnh báo nguy hiểm"
       },
       "answer":"D",
       "relevant_articles":[
          {
             "law_id":"QCVN 41:2024/BGTVT",
             "article_id":"28"
          }
       ]
    },
    {
       "id":"public_test_48",
       "image_id":"public_test_5_10",
       "question":"Biển báo \"Cấm xe ô tô tải có khối lượng chuyên chở lớn hơn 2.5T\" có hiệu lực cấm đối với cả máy kéo và các xe máy chuyên dùng đi vào đoạn đường đặt biển. Điều đó là đúng hay sai?",
       "question_type":"Multiple choice",
       "choices":{
          "A":"Đúng",
          "B":"Sai"
       },
       "answer":"B",
       "relevant_articles":[
          {
             "law_id":"QCVN 41:2024/BGTVT",
             "article_id":"22"
          }
       ]
    },
    {
       "id":"public_test_49",
       "image_id":"public_test_5_4",
       "question":"Trong hình bên, xe ô tô được phép đi vào mấy làn đường (không áp dụng với các xe chuyển làn để ra vào hoặc dừng, dừng, đỗ bên đường)?",
       "question_type":"Multiple choice",
       "choices":{
          "A":"Hai làn",
          "B":"Ba làn",
          "C":"Bốn làn",
          "D":"Năm làn"
       },
       "answer":"B",
       "relevant_articles":[
          {
             "law_id":"QCVN 41:2024/BGTVT",
             "article_id":"32"
          }
       ]
    },
    {
       "id":"public_test_50",
       "image_id":"public_test_5_2",
       "question":"Biển báo xuất hiện trong hình bên là có ý nghĩa là gì?",
       "question_type":"Multiple choice",
       "choices":{
          "A":"Cấm đi ngược chiều",
          "B":"Cấm xe máy",
          "C":"Cấm xe ô tô",
          "D":"Cấm xe tải"
       },
       "answer":"A",
       "relevant_articles":[
          {
             "law_id":"QCVN 41:2024/BGTVT",
             "article_id":"22"
          }
       ]
    }
]